<?xml version="1.0"?>
<skin>
  <skin-name>Super Mario World</skin-name>
  <skin-author>mugwomp93</skin-author>
  <skin-version>1</skin-version>
  <top-bitmap file="top.bmp" />
  <bottom-bitmap file="bottom.bmp" />
  <menu-icon-bitmap file="menu-icons.bmp" transparent-colour="FF00FF" />
  <scrollbar-bitmap file="scrollbar.bmp" transparent-colour="FF00FF" />
  <cheat-icon-bitmap file="cheat-icons.bmp" transparent-colour="FFA3B1" />
  <window-fill colour="EEEEEE" />
  <button-fill colour="8080FF" />
  <window-border colour="4E4E4E" />
  <text-list colour="525252" />
  <text-window colour="000000" />
  <text-status colour="4B4B4B" />
  <selection colour="C0C0C0" transparency="5" />
</skin>